﻿pos_x,pos_y,rotation,side,designator,mpn,pack,footprint,value,mount_type
144.933133,-96.270078,180.0,top,C1,,,C_Disc_D6.0mm_W2.5mm_P5.00mm,100n,tht
144.933133,-101.350078,180.0,top,C2,,,C_Disc_D6.0mm_W2.5mm_P5.00mm,100n,tht
144.933133,-106.430078,180.0,top,C3,,,C_Disc_D6.0mm_W2.5mm_P5.00mm,100n,tht
142.933133,-116.6,0.0,top,C4,,,CP_Radial_D4.0mm_P2.00mm,10n,tht
170.356866,-122.22,-90.0,top,C5,,,CP_Radial_D4.0mm_P2.00mm,10n,tht
109.361267,-86.110078,180.0,top,D1,,,LED_D5.0mm,LED_Dual_Bidirectional,tht
109.361267,-111.510078,180.0,top,D2,,,LED_D5.0mm,LED_Dual_Bidirectional,tht
109.361267,-144.530078,180.0,top,D3,,,LED_D5.0mm,LED_Dual_Bidirectional,tht
109.361267,-169.930078,180.0,top,D4,,,LED_D5.0mm,LED_Dual_Bidirectional,tht
96.701267,-70.870078,0.0,top,J1,,,Thonkiconn mono 3.5mm audio jack PCB spacing,AudioJack2_SwitchT,tht
96.661267,-129.290078,0.0,top,J10,,,Thonkiconn mono 3.5mm audio jack PCB spacing,AudioJack2_SwitchT,tht
129.681267,-129.290078,0.0,top,J11,,,Thonkiconn mono 3.5mm audio jack PCB spacing,AudioJack2_SwitchT,tht
124.601267,-149.610078,90.0,bottom,J12,,,PinHeader_1x08_P2.54mm_Vertical,Conn_01x08_Pin,tht
165.276866,-149.610078,-90.0,top,J13,,,PinSocket_1x08_P2.54mm_Vertical,Conn_01x08_Socket,tht
96.661267,-154.690078,0.0,top,J14,,,Thonkiconn mono 3.5mm audio jack PCB spacing,AudioJack2_SwitchT,tht
129.681267,-154.690078,0.0,top,J15,,,Thonkiconn mono 3.5mm audio jack PCB spacing,AudioJack2_SwitchT,tht
124.601267,-175.010078,90.0,bottom,J16,,,PinHeader_1x08_P2.54mm_Vertical,Conn_01x08_Pin,tht
165.276866,-175.02,-90.0,top,J17,,,PinSocket_1x08_P2.54mm_Vertical,Conn_01x08_Socket,tht
165.253133,-124.210078,90.0,bottom,J18,,,PinHeader_2x05_P2.54mm_Vertical,Conn_02x05_Odd_Even,tht
129.681267,-70.870078,0.0,top,J2,,,Thonkiconn mono 3.5mm audio jack PCB spacing,AudioJack2_SwitchT,tht
96.661267,-96.270078,0.0,top,J4,,,Thonkiconn mono 3.5mm audio jack PCB spacing,AudioJack2_SwitchT,tht
129.681267,-96.270078,0.0,top,J5,,,Thonkiconn mono 3.5mm audio jack PCB spacing,AudioJack2_SwitchT,tht
124.601267,-91.190078,90.0,bottom,J6,,,PinHeader_1x08_P2.54mm_Vertical,Conn_01x08_Pin,tht
167.793133,-91.190078,-90.0,top,J7,,,PinSocket_1x08_P2.54mm_Vertical,Conn_01x08_Socket,tht
124.601267,-116.590078,90.0,bottom,J8,,,PinHeader_1x08_P2.54mm_Vertical,Conn_01x08_Pin,tht
167.793133,-116.590078,-90.0,top,J9,,,PinSocket_1x08_P2.54mm_Vertical,Conn_01x08_Socket,tht
101.741267,-86.110078,-90.0,top,R1,,,R_Axial_DIN0207_L6.3mm_D2.5mm_P2.54mm_Vertical,100k,tht
155.093133,-86.110078,0.0,top,R10,,,R_Axial_DIN0207_L6.3mm_D2.5mm_P10.16mm_Horizontal,1k,tht
170.333133,-88.650078,-90.0,top,R11,,,R_Axial_DIN0207_L6.3mm_D2.5mm_P2.54mm_Vertical,100k,tht
122.061267,-111.510078,180.0,top,R12,,,R_Axial_DIN0207_L6.3mm_D2.5mm_P10.16mm_Horizontal,470,tht
162.713133,-108.970078,0.0,top,R13,,,R_Axial_DIN0204_L3.6mm_D1.6mm_P2.54mm_Vertical,100k,tht
170.333133,-98.810078,180.0,top,R14,,,R_Axial_DIN0204_L3.6mm_D1.6mm_P2.54mm_Vertical,100k,tht
152.553133,-96.270078,180.0,top,R15,,,R_Axial_DIN0204_L3.6mm_D1.6mm_P2.54mm_Vertical,100k,tht
101.741267,-111.510078,-90.0,top,R16,,,R_Axial_DIN0207_L6.3mm_D2.5mm_P2.54mm_Vertical,100k,tht
170.333133,-114.050078,-90.0,top,R17,,,R_Axial_DIN0207_L6.3mm_D2.5mm_P2.54mm_Vertical,100k,tht
170.333133,-111.510078,90.0,top,R18,,,R_Axial_DIN0207_L6.3mm_D2.5mm_P10.16mm_Horizontal,100k,tht
116.981267,-108.970078,180.0,top,R19,,,R_Axial_DIN0207_L6.3mm_D2.5mm_P2.54mm_Vertical,22k,tht
162.713133,-83.570078,0.0,top,R2,,,R_Axial_DIN0204_L3.6mm_D1.6mm_P2.54mm_Vertical,100k,tht
165.253133,-96.270078,180.0,top,R20,,,R_Axial_DIN0207_L6.3mm_D2.5mm_P10.16mm_Horizontal,100k,tht
155.093133,-111.510078,0.0,top,R21,,,R_Axial_DIN0207_L6.3mm_D2.5mm_P10.16mm_Horizontal,1k,tht
122.061267,-108.970078,180.0,top,R22,,,R_Axial_DIN0207_L6.3mm_D2.5mm_P2.54mm_Vertical,22k,tht
122.061267,-144.530078,180.0,top,R23,,,R_Axial_DIN0207_L6.3mm_D2.5mm_P10.16mm_Horizontal,470,tht
162.713133,-141.990078,0.0,top,R24,,,R_Axial_DIN0204_L3.6mm_D1.6mm_P2.54mm_Vertical,100k,tht
170.356866,-129.3,180.0,top,R25,,,R_Axial_DIN0204_L3.6mm_D1.6mm_P2.54mm_Vertical,100k,tht
152.553133,-129.290078,180.0,top,R26,,,R_Axial_DIN0204_L3.6mm_D1.6mm_P2.54mm_Vertical,100k,tht
101.741267,-144.530078,-90.0,top,R27,,,R_Axial_DIN0207_L6.3mm_D2.5mm_P2.54mm_Vertical,100k,tht
170.333133,-144.54,-90.0,top,R28,,,R_Axial_DIN0207_L6.3mm_D2.5mm_P2.54mm_Vertical,100k,tht
170.333133,-142.0,90.0,top,R29,,,R_Axial_DIN0207_L6.3mm_D2.5mm_P10.16mm_Horizontal,100k,tht
170.333133,-73.410078,180.0,top,R3,,,R_Axial_DIN0204_L3.6mm_D1.6mm_P2.54mm_Vertical,100k,tht
116.981267,-141.990078,180.0,top,R30,,,R_Axial_DIN0207_L6.3mm_D2.5mm_P2.54mm_Vertical,22k,tht
165.276866,-129.290078,180.0,top,R31,,,R_Axial_DIN0207_L6.3mm_D2.5mm_P10.16mm_Horizontal,100k,tht
155.093133,-144.530078,0.0,top,R32,,,R_Axial_DIN0207_L6.3mm_D2.5mm_P10.16mm_Horizontal,1k,tht
122.061267,-141.990078,180.0,top,R33,,,R_Axial_DIN0207_L6.3mm_D2.5mm_P2.54mm_Vertical,22k,tht
122.061267,-169.930078,180.0,top,R34,,,R_Axial_DIN0207_L6.3mm_D2.5mm_P10.16mm_Horizontal,470,tht
162.713133,-167.390078,0.0,top,R35,,,R_Axial_DIN0204_L3.6mm_D1.6mm_P2.54mm_Vertical,100k,tht
170.333133,-154.7,180.0,top,R36,,,R_Axial_DIN0204_L3.6mm_D1.6mm_P2.54mm_Vertical,100k,tht
152.553133,-154.690078,180.0,top,R37,,,R_Axial_DIN0204_L3.6mm_D1.6mm_P2.54mm_Vertical,100k,tht
101.741267,-169.930078,-90.0,top,R38,,,R_Axial_DIN0207_L6.3mm_D2.5mm_P2.54mm_Vertical,100k,tht
170.356866,-169.94,-90.0,top,R39,,,R_Axial_DIN0207_L6.3mm_D2.5mm_P2.54mm_Vertical,100k,tht
152.553133,-70.870078,180.0,top,R4,,,R_Axial_DIN0204_L3.6mm_D1.6mm_P2.54mm_Vertical,100k,tht
170.333133,-167.4,90.0,top,R40,,,R_Axial_DIN0207_L6.3mm_D2.5mm_P10.16mm_Horizontal,100k,tht
116.981267,-167.390078,180.0,top,R41,,,R_Axial_DIN0207_L6.3mm_D2.5mm_P2.54mm_Vertical,22k,tht
165.253133,-154.690078,180.0,top,R42,,,R_Axial_DIN0207_L6.3mm_D2.5mm_P10.16mm_Horizontal,100k,tht
155.093133,-169.930078,0.0,top,R43,,,R_Axial_DIN0207_L6.3mm_D2.5mm_P10.16mm_Horizontal,1k,tht
122.061267,-167.390078,180.0,top,R44,,,R_Axial_DIN0207_L6.3mm_D2.5mm_P2.54mm_Vertical,22k,tht
170.333133,-86.110078,90.0,top,R5,,,R_Axial_DIN0207_L6.3mm_D2.5mm_P10.16mm_Horizontal,100k,tht
165.253133,-70.870078,180.0,top,R6,,,R_Axial_DIN0207_L6.3mm_D2.5mm_P10.16mm_Horizontal,100k,tht
122.101267,-86.110078,180.0,top,R7,,,R_Axial_DIN0207_L6.3mm_D2.5mm_P10.16mm_Horizontal,470,tht
117.021267,-83.570078,180.0,top,R8,,,R_Axial_DIN0207_L6.3mm_D2.5mm_P2.54mm_Vertical,22k,tht
122.101267,-83.570078,180.0,top,R9,,,R_Axial_DIN0207_L6.3mm_D2.5mm_P2.54mm_Vertical,22k,tht
114.521267,-81.030078,90.0,top,RV1,,,Potentiometer_Alpha_RD901F-40-00D_Single_Vertical,100k B,tht
114.481267,-106.430078,90.0,top,RV2,,,Potentiometer_Alpha_RD901F-40-00D_Single_Vertical,100k B,tht
114.521267,-139.450078,90.0,top,RV3,,,Potentiometer_Alpha_RD901F-40-00D_Single_Vertical,100k B,tht
114.521267,-164.850078,90.0,top,RV4,,,Potentiometer_Alpha_RD901F-40-00D_Single_Vertical,100k B,tht
106.821267,-75.950078,0.0,top,SW1,,,SMTS 102 SPDT,SW_SPST,tht
106.821267,-101.350078,0.0,top,SW2,,,SMTS 102 SPDT,SW_SPST,tht
106.821267,-134.370078,0.0,top,SW3,,,SMTS 102 SPDT,SW_SPST,tht
106.821267,-159.770078,0.0,top,SW4,,,SMTS 102 SPDT,SW_SPST,tht
150.013133,-81.030078,90.0,top,U1,,,DIP-14_W7.62mm,LM324,tht
150.013133,-106.430078,90.0,top,U2,,,DIP-14_W7.62mm,LM324,tht
150.008133,-139.450078,90.0,top,U3,,,DIP-14_W7.62mm,LM324,tht
150.013133,-164.850078,90.0,top,U4,,,DIP-14_W7.62mm,LM324,tht
147.473133,-111.510078,180.0,top,U6,,,TO-92_Inline_Wide,LM78L05_TO92,tht
