﻿Designator,Quantity,Value,Footprint,Package,MPN,DNP,Mount_Type,Description
"C1, C2, C3",3,100n,C_Disc_D6.0mm_W2.5mm_P5.00mm,,,,tht,Unpolarized capacitor
"C4, C5",2,10n,CP_Radial_D4.0mm_P2.00mm,,,,tht,Polarized capacitor
"D1, D2, D3, D4",4,LED_Dual_Bidirectional,LED_D5.0mm,,,,tht,"Dual LED, bidirectional"
"J1, J10, J11, J14, J15, J2, J4, J5",8,AudioJack2_SwitchT,Thonkiconn mono 3.5mm audio jack PCB spacing,,,,tht,"Audio Jack, 2 Poles (Mono / TS), Switched T Pole (Normalling)"
"J12, J16, J6, J8",4,Conn_01x08_Pin,PinHeader_1x08_P2.54mm_Vertical,,,,tht,"Generic connector, single row, 01x08, script generated"
"J13, J17, J7, J9",4,Conn_01x08_Socket,PinSocket_1x08_P2.54mm_Vertical,,,,tht,"Generic connector, single row, 01x08, script generated"
J18,1,Conn_02x05_Odd_Even,PinHeader_2x05_P2.54mm_Vertical,,,,tht,"Generic connector, double row, 02x05, odd/even pin numbering scheme (row 1 odd numbers, row 2 even numbers), script generated (kicad-library-utils/schlib/autogen/connector/)"
"R1, R11, R16, R17, R27, R28, R38, R39",8,100k,R_Axial_DIN0207_L6.3mm_D2.5mm_P2.54mm_Vertical,,,,tht,"Resistor, US symbol"
"R10, R21, R32, R43",4,1k,R_Axial_DIN0207_L6.3mm_D2.5mm_P10.16mm_Horizontal,,,,tht,"Resistor, US symbol"
"R12, R23, R34, R7",4,470,R_Axial_DIN0207_L6.3mm_D2.5mm_P10.16mm_Horizontal,,,,tht,"Resistor, US symbol"
"R13, R14, R15, R2, R24, R25, R26, R3, R35, R36, R37, R4",12,100k,R_Axial_DIN0204_L3.6mm_D1.6mm_P2.54mm_Vertical,,,,tht,"Resistor, US symbol"
"R18, R20, R29, R31, R40, R42, R5, R6",8,100k,R_Axial_DIN0207_L6.3mm_D2.5mm_P10.16mm_Horizontal,,,,tht,"Resistor, US symbol"
"R19, R22, R30, R33, R41, R44, R8, R9",8,22k,R_Axial_DIN0207_L6.3mm_D2.5mm_P2.54mm_Vertical,,,,tht,"Resistor, US symbol"
"RV1, RV2, RV3, RV4",4,100k B,Potentiometer_Alpha_RD901F-40-00D_Single_Vertical,,,,tht,"Potentiometer, US symbol"
"SW1, SW2, SW3, SW4",4,SW_SPST,SMTS 102 SPDT,,,,tht,Single Pole Single Throw (SPST) switch
"U1, U2, U3, U4",4,LM324,DIP-14_W7.62mm,,,,tht,"Low-Power, Quad-Operational Amplifiers, DIP-14/SOIC-14/SSOP-14"
U6,1,LM78L05_TO92,TO-92_Inline_Wide,,,,tht,"Positive 100mA 30V Linear Regulator, Fixed Output 5V, TO-92"
